index,block_hash,K,C
0,000000000000000000029730547464f056f8b6e2e0a02eaf69c24389983a04f5,b59f8d1ddbd8b0ccedd42a0c26d20da976a07a20734e8c4552461019f2235e70,e4e68b6a5ac2edffcae2110057957f46110344c67e148c409f53118d0495f889
1000,00000000000000000001f9dcea492bc2b710406d3234dead3912a41b14dc598e,1a5cf165db67decf2db6797a5cc2772d649a4ba5d29a12feed0a4607a4fdd5e9,27fb0f09862b6f9c876d949bd9f6205d57103bf524ec0d54aa9a0548bbcb2609
2000,0000000000000000000166a41d2bc1ef47d256d4ab9211190c6b3a237fceb13e,7406ad05c444b39bcf32aeab25f0ec1e4cca3e5399cd4a260746b24fcb342554,913f6085bbd6f550f8fbb9d4d8fbb1067f32b0ec93664d2a8625fef97aa4b307
3000,000000000000000000069779f2b6cf0ac9b7f94a24e4544ab0146fca21633fe6,28995377a2e108989b080b4c7ba434c2a5a5b18a3e77c2192f69dd5c1a0576d6,6c9af987bb5583a3ee1bed024e8ed364be33ef8a3417b2907607faa35e704ecb
4000,00000000000000000005c05909f4a327fb86a6446d677ed2e287443d4fd69ae6,b02db24ee9f80b0e818a3a18dc134cb35df963ec5a9f5f83a53107575014f0e2,8d2b2767fa9c13de3b75468b20412a6faaeeba65efd1d09b4a9e6859c99b420a
5000,00000000000000000005328096cd231ad6e44303406c4cb13777373c05d19862,b56402679c91dd5787c510a38721d7b255f0dcb51cd732d0a2b5c754d8d45af8,8ac6994d5b17c7c770509077390e541e1142ff16e017e17b905e81156b546b36
6000,000000000000000000065d9bfa7c98241175c4bd8c1e629d359ba2beb45697ce,b7be730e0f732830d0c5daa895fcc9e4c57a428a4fd2efb9604c1e8f15fc248e,b058024ecfebdbb7b0228a94c9609da136fde7ea525e6f5ad35e6c2c86838bc3
7000,000000000000000000023ee9596306a4779ddbc199a44d4f26354e68d0874a50,590ab5ace88cf55aab60f32da1749cb2e47a2f2d5975cfcc3e3fb99b3360601c,5fcfbbf187d9c2255e11fab36ad4993cca5d6daa9b5d2305970747bc64022646
8000,00000000000000000002d2995fe3bec9fb70edac841dd8d4314c9913acf01fdb,ba02ec723f4c5002872c06b805c6ba2e3333286afa974326711c94acd3915f0f,8029e0899959d07dc2fcbaa1315ad8580f2ad4b75b03c99db5a62ef6e460c05a
9000,00000000000000000002cd9e51c5dc8aabec69d8df9e8c7cc52bd06e0cb98daf,08923a36aa0fa037b5b709b2d3e970309f0f1a442acd74af12c9b2d55f07a1d0,77888e0e2ed1ccd150b653116768876566e0ebb82029087771e5560d91d04e16
10000,00000000000000000003070892cabf32f31442a08661a980da2251f04f9fc0dd,5b414d61cd2148241a5cc88f754007204788a21badd8a83e16644d25dce681c4,1f519547ae24d9f31e704351214d0b8624b86e90a8afb8abd1f928ceb92db399
11000,00000000000000000005731be026addc1ede1889e3fb9bd0771291eab9e6da57,b58f04c25c619dcf6085a80767c10b4f99be9b0e9f39ff73c4d055d8bf442a2c,17bd0cd23926a6656b8a5566d62de1d33c132f39f21d94674bacf99fc57c19c6
12000,000000000000000000033aae2b6062cdf3c5364ffe04c17b716efae523b1a79f,4f059ae2044a491da29cccd7a3270c0e49f659fb78545f7881017b2753d6aa00,e1a29f568525db45ead10e55605aa04d57d4c628e517c6467edbb76e21bc5889
13000,00000000000000000004636de45a1e74df2a1216e71f4091eff6ac5d057f93cd,fae2b74b6c894bb76c9e9c75236b5bdbf34578de5c2b75b90dd508d682437072,098b3903d4ffbc77038b40fe7d4de75250133fc3db394aa3e33652472837c29e
14000,00000000000000000005393ba2263fa8c819f1ee82854e292e6f8725f63af3ab,b3d385b04280a14d93ac1edd021c4a2daf8bd921e11e490b4fad3e439ea433f7,0ad3e255f48bfdef2ecde6e816954f5dfff27f8acd2a9a6f7b7aed82114151f4
15000,000000000000000000018662f311fbee22c6d8af443ec95afc5c669e47072a5e,c24bb6764d948050d009176fd8ebce8b6c1841773c3463b294aa294eea8589b2,63f8ea23af9a3820b0061e6bd3257e4a68bffc84d870f34feb31b9e9a7365b07
16000,00000000000000000004aae4ef1c19c8fb9b9cdd94e42e59cd187619f8d38b69,8300af8fa46acfb1152a1ddf853f7a51d93acf2eaf4f346ccb233d13635cd31f,5c6bc2dbf0e330eee770ec88dc2bd75ce42330cc84fe95b0e8a462a0874a6134
17000,00000000000000000003b50f567e225dd2a861dcb3a873814a76a201ea4cf1be,d1f5cb2c28e0d4bff22bb5bd0a4eb2c1649bbcdaf3e4da434429436b044c950a,1370d748f31fee165616faddb362152954e9a54fd8f1f61b93bc8c0461591d26
18000,00000000000000000003b0c32d3b3f9ae54655a31d73561e084c97081d798e0b,5b8c38084dc60e1a5b88ea42361dd08705feaab9493f0090ab09da0bed39cfbf,5659861fdee3dfe17af1df5ce10c7786df6b3f210f0dafcc6996c6799a37cdea
19000,00000000000000000000ad1d3ce1310b22e0f90a6a19e1b0ae9149aed56fe654,3ac492d7a9b517870770a47d205f1a0f8417d0460b0f07c9f2131681dbafba7a,fd36a324aaef15bece7c821549597c8343b6ef556ee1a5fca7f7fbfb384784f7
20000,000000000000000000021798997557eaa95ff47c969827fdada01ae1ec7a5ef5,611c5c7d4b9234f7d00fe8d6a860a01f2e1261d57b28905f6d09826049576214,eda6e546d2805b818efe84fa632f43371287f55b5c35dfee8b01b6475c768c82
21000,00000000000000000005899da9df58f6f7f31df8d59740e110cb2330b0b85028,103a6acebcd7e25a1717a767cb82b89dd238b04618ffdde1ee8ad54df083aa97,6e4ff7b6094f76fcf29b07ac144f2f85dc8ade31f6dc719665d762d8b0a3ce96
22000,00000000000000000003581841be1e042cf5a5d39f50af94a916554cdbbb9131,2a601ab512d8bb67079fb639acbe26bcf988e68acaac2673536c58e67da64f69,3a2eafb84d91d33c56d83c11654915cba396564ff69b2a47848e1493ebbc1064
23000,0000000000000000000256c709eead0beda30f653b467ca52f49a39196536c6e,91ea4c1a3e128a62fe613a4887f7b441c45fdcadf45f98931bea192f460305ed,26300f1cd36150d082d45176f4b97531ca49fdc32c4f04ab4a8bdf7ae983c411
24000,000000000000000000010224be3634aee9bf287d2b495c9f9e7eb69bcfc1c2b3,10e3603d1e76bc251dd5bf15ae1b04151be0db29bffa56f61dfe6221dd77e356,fd5238cf6c9e3f46b37dbae6dc7a2c32dfd047a881d63c7f71c04094fe1be6be
25000,0000000000000000000415b2c6092af6857a471b554b7e6ff4f67a15502e5c35,445c419a65b6a792b39d101b31d1588f5a654e73ea45684e353e6a2e4bde1831,8aecb118a19466eacf98725bbfcc76e73f6e1a6093344dab2ebbcfdbf1982fe3
26000,000000000000000000050ea34ed30c85ccfd281715b5402e0282eeaaa7ce862b,ed9ce83d48023d1fe9db135ef1b32d0d3d48a029aac7cad50d80fbe0afe610d9,83f6e3678afce97eb7c504ea2e9b7dbb7ef2ca47d416eb52334b24ba9ebadc1e
27000,00000000000000000004fdbe7f455311ba3cf5a61ac1dc9e0eee65cf551a3144,0037a525011c9d8066f5e40c6fd9709c584081a3a8f5518a73fa2283bf93d43b,cebece3b41c2259eb889a2c847a3f094320c1d8bf93d9475f3a4db6aefe2e6b4
28000,00000000000000000002f0879fcd40b892a5825142b1ef1d3b029b749e8b51c6,14c000781dba71dbc2a5a43eb7904b2b20613360116f1f0a906c15a9c7d044bf,3b2fb4eab4280da4e9a9f7319df1cc22086627c35aa746e62e8a9943502ae0a6
29000,0000000000000000000058d034840bd6e8c305abf90727c4a2feb0edb9285971,5a78ba0a4dae2fae60c26429e58db8cc206a76ed4a70f5f4ff5a9ce9a5c10f5b,338e639d8e9828c92ddf521780456b0360582bde69c2ba977b64e665e8844061
30000,00000000000000000002a341f0fc552c274780936d06a7ab20c5b78a587ee30b,e28eee73badf8f4da0edabb4653e6a4ea18efd49c27cbac280f0555dcfe38c5a,d90f8892f5e60c76a82c1f3b219f23388f7fbf66b49e4d4dc6042d63179cdb38
31000,000000000000000000026443687e43de7e1d852789e165415efc131f9718a242,aa8ae656b20150d08284a8c7ec9359db81517ae6796330e47e97617eadd3ba12,e5082d962b4bdfe0a5ed969d5032508e1439b5acdc8812a191d94d8013cd7b5b
32000,0000000000000000000339e092c3212b26280bdafa5da025f0b63aa7317957eb,747b9f2dafa19a8010057b472026d172c51bd9df345f5096ac8e3779d31f69e7,61c330c416b8873f0c2b78982ed6d04613b7f1beb3f610815582ba507ec3102c
33000,000000000000000000012f3ca8f1483bdbb1bb878a079e93a6c1948a6d97d3ce,3e82613bf0f4d730e0212f02a87593d07f9f7d534ff62262254df51d553d4073,b79478537d0a6e3b67ce0082aff154e102057e0d7f5c4542be9583f4d1fa2749
34000,00000000000000000002768172d068fb04def039be4e0e8946a2dd59800e5075,866cc23edc1fcd5f390d9623e7661560466781873edb35f314dd4faada9775c2,f900eb9da3f71789180d6774d87acaea90452148a7ab265b0c2f4eb19261a92f
35000,000000000000000000049815e2e4ad16937d258190404968dba9764cb0232aef,455139860b9b9892dc504606794b0abb63443d081cd65aa00c1213c8d298b5a0,8194ce82b891843f4342938c3e672fa8e8d6151049f98bf387a4c75375d262c9
36000,000000000000000000008cef9e09bbf61f5e5f9694ac148010671e649a949d06,d99352e43b946f79320102fa4f8dc17a41401f10038506fb3f91e7bfc3efece5,69a6e2f7a248590dc7fb457363613e32cdfaaf288bff851322ad1a7a874a9107
37000,00000000000000000000c36214b39608e59854a70254fde4bbc46cc45fb477b1,9fe1664c94b0db4943decf34327b391de3a3aceded651da94de3769ceb31fb9f,30979bc4c22d299d74ea84bc5fcf9e04360acfae439257425016ae93c487dae2
38000,00000000000000000001355d2fac32bbc2234fd998e4d76b6d7c414d95b4f5a2,11a2ad4bfaf2a555c31e7077f6a81660bfa669f46fa5cb5a789410860be7815b,eab680350b93acb971510529193f5f51d477e47c290e38d06ca5f3931d3484fd
39000,00000000000000000000f815af6439f2055cc587f20962321739d0c7f6be108a,f63f897a593bb1644967abff8a65e799a6085e5b474d1cca9be1a45a8d9906c3,47166e6dea0a23fac937052de45aee19fc70abcfc80a5042c61552c9bb073d54
40000,00000000000000000004db90dc8c2ac95b033671b89d4c6694feeaa431b370a9,83738b376b167fd777c451927fb3a0352cb9c0f70c848fdfd6b7631814ddfaa8,c88c19f119e07647c8bccb712fac758460e38d9b2b64ef7530b56251ad373c22
41000,00000000000000000004185fa702bd8351dc45bcd597878fdbf0caf5d29f0695,d56ed5d5dd9b10f75665094105a13b9a152d6e22f0050d64af6842c1660462d1,8bc9a4ec563d3999ae77eea75ed96c1456ae354c96260d845c3a044e77bbdd35
42000,00000000000000000004cc52dfbee3cbecdc195bee68c709efa83adf1ad812cc,66c814446af887cfa35a522f6000084e90201e3bde41af49667993a9ed68d375,5af4ed195efc480f71c844b6201528e2728e7ac5acf6cf8be1e8ee7b073f71cb
43000,0000000000000000000387dab5f3cf88824c983770f70f8a8eb7a9a240a257a5,b96fc4d798a1f3bb14b7b408171cbe07a6abf3ed66c24bfc19a5f99916eb0067,64b9abf4da1132cb3eb93170365f19b9fe165472f8116f3f7f3c5c1b0cbb1e86
44000,0000000000000000000286115ee9272b6f885b14df6175239cd0c8fd71315de2,6b6554fee5a60c9e392949438f4d693dd84bb1a389c5257b5f8f31d4d6c91038,0f21d192d4f88f0a8b0badeef9cacfbb4461dcb88e23081eefdd34247dd39ec8
45000,0000000000000000000297a5c5198e85adcc5925773c62ab25848a01125493ab,12ee793207006c37e44c7a863d3f682beb1987d73d71a9c9b313e790f8f1b0c8,cc3473bc2b76da90908dc40a5c01387bd977515a4994054279dea0013b6880fd
46000,00000000000000000001e307b6bebba593ec4ac557632f822dc7da760187e89d,4d4bf29b36ba51e26a62ffa4182d2b67a9b3359cc04931b9a8f8f034eb78243e,e457c25993954f48b099bae1a6d45a6ab54b1928738b9a53ff862b565ad2aa15
47000,000000000000000000036cc2264e6051fb3fa37274c481a034b3de6f80df2b40,912149f9b7c35be50236a8d44348ced2ad1365a2f0603c46c4e3fb09d8d7a9bb,8796976ba161a1a275f6b7257aa3d11e16311dee43bb08eeace1c93fab66aab0
48000,0000000000000000000220645793982ce889308d4182446e4f86aaefd1e77c9f,83d1bb54ee2bfdeac8d239ac5e8bbfa4355c972b9ec7d95755efce9b30ed5857,751a7d2d2a41df8ecd71eb8d2895697fd68b2dbd37c8b201e7280fa4f73e4d69
49000,000000000000000000011e4c097d7906ec7c2c6cedeeefc4f063a5de4820728d,519725e02630a6d6b77442fe9d14a16a857753eb1c38f699aaee67d76c5a0a16,8813078cd5331644abc8af5d2bbb58276c3272f2434fa692d9b3bacefd9776b7
50000,000000000000000000024acc2c9e652d569718d5f03cebcc8b0fba4de487b5f1,05d5df623ed004986c4d3abe35edd127ddb4e91608e9a6404c748dbd037541fa,d8964b786e9029a7eb1c0ca79cb98ab9702ad1888655df652fbebba97179a69b
51000,0000000000000000000242f76b626811937c51a368a98ece5f845586bd5e66e8,e6ec3f1683ab927bb5cf774fd5e06d221efc12074512cd3f0549706e23163747,cd3dc14dac0af7ced4496729f2e56508b194ce896258f485225d348cb5eccb8c
52000,000000000000000000003a3a092bf9d62f631d493be3ee2c49979c1b989a193a,cea7d116cf0f1e922600badb315b379a94477edfe4400ba1a72db34c228d9696,4e55c6b9b84cccec22c84358a83293266764b57b081a014f7e501a6c9d275800
53000,000000000000000000005ce3bc32139a52505708830f77cffb55aad7976e2302,625410b42332a486986d2ff112bbdf3ab369264feafe9c53a33b6979a7c32f64,ebdb8a11a6fbc2fe3b28f13cd13189e3cf6985a51213bc48f1b84edbce23113d
54000,0000000000000000000045dea87c10eb5a6e282a80a43c4d6c748b5b561d1311,21fd5e78f7490eec26b57f4577e85df715b69b1075821216986ee0a7f6165859,14b7255f603c3f02013ece0d8036e132fe68689b9cf7400bc8fb249509785635
55000,00000000000000000003ec5b3430f08ba33013b771ee4c155df81b0ce1ecf94c,421c641555edab299dab9f1b2a42898ffaba0ee1dcabffbc2314eb29484e819d,c9b302413da7b52688a5f8b8a4e32873b5f4d69ced9eb7f8441e621620629e93
56000,00000000000000000002170138a0ca50ea13333fb26563d7624254d80f655155,8d3b2e2b8544ebe107757a1a8625680fcb30aefe50ce77e2e2f11a273385e94e,6f7b47970bc0b0a67098ada7d0bf3bca28519b84526323477c2a43e9d15f7f87
57000,00000000000000000001a9f3b77416e01cea22c0800a11756aec799d5683359a,d06056e493f5c7d4cec5ea30680c72ff9f5c6219aaa892a98e3ae6fa4e0e333d,6cef3e7f6782c1e813408b3f5f09df9dbb5144195e52598be4776daf2061d7d5
58000,0000000000000000000211c29a44de22ab406c1c23b08bf82b240ccee6d12400,e32d760d151e17e87e4c66c381df25cbcb72e5a6529c8c1999bd585cc067e615,b50f1023e801fd6c9eeb47e137b427ced6bf6ef66bd32fd8923dca09b962152a
59000,00000000000000000001ba63a89f58855d360c1b9c4f4a8d1c22901beab49a5d,275ca51edbc631e24abe743dc17603f8c07c8acb9057b7383918151f78ca929d,f45f2c1c9210be7acd0a350cb714a255e0a4a7cb85f730a84ebe215b0ff0a15d
60000,00000000000000000001359de4a32b8570eedb07fea99196b67948f71be39a87,a7daf815b96fe334af18028d2b0dcbc8cb7bbffaf7469f8330bf5df1caef1b2d,a9846b4009aaf0f5c9d3b008679113822c6647f6b8a4e4f6f47be33abd5fe410
61000,00000000000000000003bb93512fb4e62b614b55c3431e194ba1c7e327de4894,65bbf9f6f5e81205f858b07352b56d7c6e3f758e2579d3fb4205129977f1b6a8,ffd0e8c938233017893881a78b362e53d2c5c25dc18b9797b2baff9ea76663af
62000,000000000000000000035eabe9f6a9bcce14f306ca0b7a63993f9ee2840ebdb1,38355f5c681d969782edc69b61e12666c4d0a8a1e658e5dde75ae775f84a86c2,663b86327b0ec906de36a1898894c4c44079ae4709c8a65a03728551b86984fe
63000,00000000000000000001c1a1ee070c8ca9c4436ef0b750863615e4742a6fc65e,027970f0a7fffbad2a8c77007c9998a776118986ec31689489add9d3302770a2,db37cd12ef59d188ab5559a1ebfed4aec782e6c59b602b0ef680ae36922a55b1
64000,0000000000000000000332893bc7eeedb5d7091f15ac79ef79f03d4d5aae7c62,b260aca4482c857300423595e32f87d66ee7d2ae4af383d31f75f9cb10ecc5db,168bc07b3f5c37327824194b93b33351137b5e76b46a101ffaaa4a7032585761
65000,0000000000000000000021e0d6d9de76068502f5fa171b38c4a43d14c7560bba,ec4b8340709b07b584bfb4a9d8ae64995cea5046307b8734fb4b3f2f2669594e,fb966017f9e39f363a3844a14d3b75921efe2421c51823a6277dfea32b462b6d
66000,0000000000000000000168bbf15efb9d552318d9f64bfc5da665b5e52124e9e0,ad5aa4a6d31d39c48fcbb4e6d2ccc0b99ff62572dff872e7536d94786157ebbf,b5696e22f33883fd80e685605aff270393bf49834cd7de70102203cecccbefdc
67000,000000000000000000032c8016dcbb56c0e95602f6c1fcf73ba9bc87cf4b0f08,7acf3978c9da90cc0568dac99b46fd6bd7c7aaabcdc187513df455f6db13b853,e0e8ee35d6f43bd434fd7248b4f5d467b050bed0ebec95ce5d19be56c1436308
68000,00000000000000000001ede4f6c819a4c036390dd05344767d4dcdd6c5c8604f,8c879f9874c6af60e6fcac6cf938d0e01350858af65e7b52f05322f56e2caa08,099d8388012d3f535a4c2aae9566e8f46aa5505c64022c8e8874618afa05ef0b
69000,0000000000000000000028cddff312c4c79af93e62c35fd6ede20dfc6960b4ba,4770df59ece04541790e1e1c3980a481aa411992c9e4d0fd65a416bbd292e30e,be8a64806cc3f4e9487a7085aba3a0d8cb95a11b922fd45e43fd4153c1adcf36
70000,000000000000000000021e695e86889bc3630b54c2dfbcaa16cec83b135462c0,b61356e04287d12ac07d24a18e374447ed0028dab5f097c6b5a3e353bcade47c,d51e3b11b0f58fecb3e0b9122ba6a0e17a8d95eff4a809227a1c3d9652759a91
71000,00000000000000000000d2af9794bc8721ba5ea3515138fec493e996320cf90d,fb187d72f3ea49fa81a219ed86fb1eff57e1ddfdfc5178614347c20a1ad3e9c3,152c6e211174b144c79d0c6cf9fd0ca7bb892f50494b3b517c567fc7add74910
72000,000000000000000000029c6725168c24571fadbf69afde68131108d70cc4bd81,8d42ff5438fe8764f56566bd46fa7f4a377e93580d12bcef017db6649d7471fb,42a7821483b26e17643ed05e42a432e73af2f49a3d4c9d8b395a5afb0f2c6ee3
73000,00000000000000000002ccc25493c7a30a5a4311f8217fa81a4f2ef76748eb4c,ff1a9f6410c9ad8b59c9f55e5907ddc944675217ea2fdac69c82bd9664f00299,138ebf76d7ca2afa1e729308a1e7e26e338c8cbd74ccd57dff4aab5300d2dec7
74000,0000000000000000000220c4d8d8f4af8f43bc269ef771ae79f6eed869a25840,f55d01afe56596e5c95efc87e51c8a018acf5dd9e6c418a6154e4f5a5194acce,99d0ed707d22dfba728d21cf76a25068a709c851bd9cdd095c88f2f4a6751ebd
75000,0000000000000000000284235b580770330f441626aedfddebf157e60f0cb033,a3cecfa1a67410d30ddf29b5de227f83b3b5acdb1c4798417999dd8c633b43f2,ea815961e29f0f1d6cb29d97cd8873d5099563acf2792ea8b5496d5c3c4cfe4a
76000,00000000000000000001d389ce802e91c4cc3d0ad9d197b6b87123a3ed7d07c8,aa676484c86bf8714baf2bc066f2d910acf8b413fa9e128fd138b5edbf325b9a,fa95b287370fbc07d51590aca1696ce5072262191fb5ddd06db0adb4870fc6d0
77000,0000000000000000000220ba6c7755f66ca90dfd860310e45330b010c9b8ac82,60261316dec3dd7c06b945fb3ee3250a5470ef7ae7e781790db6ba5223d2d71e,f4d02821c09e60dcf581dd2fab6a93a4c314e9109bfbfbc7d4c90b116fb3f4b8
78000,000000000000000000006ee68cfe74469c8efbcab108232ba087b12e707ee62b,7eaa429f024ae2c535422a229cd9803806b024f77839a7b2765cb223558474ac,022271ca19c0d6211527fcbdb3f7d6584e0ba6789332aca3e5ec468ff2f4e76f
79000,000000000000000000026a4385be3c9f60a4f25cd26db316cda6d49ed2fc0218,241afe41384949f6b799e532bf15df77477087a6184d45737461e8e20cf75832,17878fd96c58761b72dac114b86002ee5cf3a2d505a195df7ec65082ec78d791
80000,000000000000000000008d168b46d174064b10596ad0fc81ddf01f9933c82d5a,bf1df4be99d16d1d21bb2ce84672a396b0d3e3ee944adfb841b83fdf352a5c6b,cd00c99fe944c64d5770b9a8c0a33dfbda716755589c7fca489bbd2583c24bc9
81000,0000000000000000000298ceb185834e067b6355f74e7df172252b439e75ad65,ef1a4832412c85bb96252c21bb7a1e3b236a5bcd9cc42cb7d9f73392407e36f2,602379f04f4e8679aeb579f5eab65d9cf74096cb1a68130770fc85383f53b16b
82000,00000000000000000002dc049e8537a23677416ecb8047fb653f821f9c2b0e46,f239072e3110b931436a476bce0f438f79da11ba4ae6deb8c5346e723533fe7a,12d70642c7bc7557fde1c6a0b4a69bf8a15cfe4672a185fca67b7220e9c3d8fe
83000,00000000000000000000c0e30574839a14581ae456503eb2d2bdea5a11954114,0a41d90f931dced1fa59ae2bf888fd08f37179ea40488ad12f0a7b08c2f61785,7137a5c37825d4b078403a9b91ce82b2b8d654f93b5576482cf61938af0639d0
84000,000000000000000000024ecaea9d103d4537dc7cc66072857231c9458217c6fa,62865fb2a1de759b4eb34df2b43423b0f826a8bc0deae1acad30da05b738dc55,e0e6234769cb3d1bc96669fd21b5d57f4cac30c954dbd38905d69bf81260554b
85000,00000000000000000001171b47c1c39541fd85d16ae0dbfee83f26c847515703,e46ea0d1f5f8b0f57e9ba0ef4dce8c1bf50bcd281ca7a33082e90131cd258f3a,d24ff76838217422bc41040fa4658a1c391c9e52e04b5473dad78518610568de
86000,000000000000000000011aef4e7948763122769b8b4c1335074909ba445fd31a,e06da7dab6bbadf06e0dc432327f180206c3c1d1bc76fbc4f34b779db2746bf5,c24d2669cc351ba1e4fa653ec5ce54ee70d11ab7ee8458f399c5d87d01871890
87000,000000000000000000001c603c8a9848e11a6e17177322b02ee8b712dd08acf5,c021307f04652d2d8822f17a1e8db0635501eb7b973e1d2165bee310e508bcc9,edf5c7287e74f5fbbadc62cef6b58c665ebd4ac730ac4ab44a8146e6cb4220c1
88000,00000000000000000002a527ec067ea2b74313ebd1e7bc67597bb7702fd17fb6,ca4e531375293460b31b65b00786845e5d250192acd78167f3a6449419655e75,d1387807179a95d5867e2f0981831b8cea518e3377909263dd662059a81a2d60
89000,0000000000000000000133fd5f2883b9f27164c07881bc9e0e4de6e129c163e4,a34567d0c0360ccee82304b83970f418c49ebe77408cea6c02dc4691085397af,c9ec236468f4556a9db450c53bef8b26c683899268c1117e169aef4441b3e8cf
90000,0000000000000000000052a734b85ff699108409055660646e2571aca6874eab,eddcbf7670f5b4d3585fa5b388b99f73bf66882bc70afda80142176302414bce,7dc0696ee78a1fac556b59936163d08a54c312d7cd4c34fe94a4564f625ab587
91000,000000000000000000028c96c68c957b524c2b88b0b2c297fcea945b141ddd3a,33c1f1606fa649e0f5325999fddd349de1c8ece566371cd2fd5c65389d46d3ee,e231c27583f11ef4f66329811f7bc07a7a628757c03cef0dd7acbf4b51ee2343
92000,0000000000000000000313f3a6ab6493d072dc4b845888af8613c50cb83b3ee1,1691078190ebcef753f4b86df5fb4a50434f5c3bd385057280bab58c4d407830,54c2c0c0f66f86e269f899e116add3d14a0b2e45d36786f9cf261d9a2a283d51
93000,0000000000000000000123626cb3935760dffe9d79be3deaa8ee9036eed8b57d,000b0739c239fb06e6d989154ffefc272e0a9f66074e1045e0c2927df7e3b3a8,cdeb66ba1855de8b8c1790e1e307338a4e27143025e75b66e04eac19754f8336
94000,00000000000000000002cf93a7ec823f84a62363011c58826cfbf75d0e6b9fb7,2c6a2dfa28deee537790e1f28719208b16b1b8c41e6469130915295bb40fd85d,62107434af95c4b64958618b9d478f3cf362b7ff4432f9f64fc8e24914beef78
95000,000000000000000000022683f2245834477c0a00f955f8571ca4a44f76f84504,1505d5ca3c6807a6f7f333389686dda92c6d21d61d6c6402aa53c3bd0340837a,c6b84151c8fc7d0994201fc40ebba75a261d5082c507e273ce364462286e425c
96000,000000000000000000018edf9851d8945959bb3194426e4d09ffa1657c4ab0b4,70f702551936db371c7841f72d73d59266682792108dbe4d993f1b3b73b69cc3,af506143a6bcf0cf063cb7358f9db89df99c2f08c78378cd408b28052dc3bfa1
97000,00000000000000000001fb0e17881cbf7f426943427d0ad8f2c9d236b43dfb11,6af2bba257562d1d01d49081c1996652b2a966b5a3dd048994582d12f21e2586,19e6ddabc6c9aefc879b94efd6f3e0f5f06c189016258f5066959d32c9f69526
98000,0000000000000000000118991942f8f766016c49a6007ea8ebf3f8eb39e9fee9,a240a52948894ec1083327c3033133d8b18aefc364c5a4bde3af246c76c66745,1ca5d16e75029bd41dc1692092118908884bef7a8f40dc0e221125800cb2e217
99000,00000000000000000002fa8b545f38a232962d9346e8960a9d91e0fca4b5541e,76a68589c1d1b440743c00012841e62ab354d37417f9bfd494ab4a2f2df1060f,dc06ae74ccb5fd5a0b07a377015706dadc4aa967f435e48dbda54bb23150a79e
100000,00000000000000000001d905006f733af5a8df06f8e7b4775ca218fc09b83c28,61a091ee4a69d4f3aafbe8cf9bf404ec9867e9a5a041127d9706a36c05249b6d,5ac0035ac96ed537f0fb13719dbd0f92ec83945ae47f1c37bc58a2cf30210327
101000,000000000000000000024dd8724dfa5ae90378981b77b496f3cd585b6eeff6f6,a2602d4c032e552cb6c250f43272725f7d1927dd86265fa5df1293142805f6fd,5191b04ea06e35901fa089c6410aead9b68da90b652d5fbcdcc2b93eb9937e3a
102000,00000000000000000001ac6ddb15e7ea82f4a56ccb12db6a227c7c83ed675080,ad84ece1c40a6dac310d89849dea2e81f7acce801a2749ec19e193c575b0b52b,d1ace38ba1614965af0424371e9416693657db7be20a62d03922f601f20bd99c
103000,00000000000000000001154a0b3b8683bdbdbab80b82646ae26dad2970707b64,cdfbeaab5dbdf4f3e537517eca27e5f2e0248fea1797b0596a3701bcb01c5c3a,df47e40bfe60dcf23988f4f68abe20a9cdb8bfbe5a7041636142578047c8b8aa
104000,000000000000000000003d50e9a232d30e759b498163f5ea21113ce3b0b71105,941f0225c91bf12eee57ba1042d37e94734152838fae9ec59a31e5fe848f304f,00dd235d9575187719c2fd75b1ffb1dfb2673298fd147969321096d23c4702f0
105000,00000000000000000001e52adccf68a83eceecbf29dc304b73ab7dccc70e3f6e,205fc5fe3f4519bff8c8421b29fc219241d5d168c9bcd81f8d7c363332ef9926,d4bebea0077cd81668a3386d0d301d3374e10bacaa15e93cb8de125e77ee015b
106000,000000000000000000007621e0c65d0b13a854731810cc876cfe488ad1354cbe,fdb29e657994739a55d8adbf6c59c1a0d7ee8392d97faab2241598914a75f300,cd3b471fd6b0d6c13ac767bc334aa76c4044a9592e2db155c24e63875b4337c2
107000,0000000000000000000143177305b22e674a3b0bca50d98007b8e0ae209462a8,ad28bb1cc7d6a5b417e34b11645316c008115de4042f9dfc8943c2ee98216472,fbe2cc31084bb5e293a6a4f79de1f6aa4f0d011e8b692df8e5615437f04dc968
108000,0000000000000000000152889d426c654c617e5dc40f0951aa8fcd9e2d68364b,76922ee4be8239ab5895033ac96df921bdce696e6f0fdf2438c7060de05b6947,18c5c445b1142947511b35943dac0e7ac0c9465cb9d197c7de3c3fe93fbf7303
109000,00000000000000000001ccfe4d00a0265a7d9951874c8f3b10ed7f44901f9c37,9ab496c8774cde3bc7a3e9f701d3c8e5048e46902294f7ae89ffdbf1b84a28ae,78ac766c47f47062ae7b4afa99758525aa429b8b3d2b45a41c90af966c85fa4a
110000,000000000000000000024cd8a33499a595124b574ab3db6c8cb58cb0d117a317,69a0f32d1de10b15e9670ba5e2360855fa1e835b25a35ec8e92de01d7da94e1b,fbc5985f9a15078f50de2f015c4c84748306a6d2d24d714eeaa8986d44fd203d
111000,0000000000000000000076745057b1c1a5ffaf1682f8c3e9e7efbb145391cf66,9751722b3ec0a50e2e8712121f562b75c63ab16c69605366767cfe8364bc3af1,c2c5121a91007a9617aff2efffb7530659d413639f3f5fbe13610705f8abc213
112000,0000000000000000000134c21fe1d64d83789946e9a6f6d697a8730fd8037e31,6c1948fa71a3cbc778673e857a267ebc762e1bcfa242c9afdc193d27aac1fb75,4062d1ddfcb092eb8f95b75ec513f379ae5f20380d9b8327f8ba7011d91e5220
113000,00000000000000000000be0f279ba89533d1f0dbb5345d2615188e6533b001b4,c57ca40bd847e4bbd2c1bcbd81ffa53d92a51c7249c7d7720ea8087966b31f01,b75fcc6f2166ace1856d9a5ad1931403e4ea6ef6dd66a602cf2a7499cf38917c
114000,000000000000000000024a86e65db3aa1c303c994b01f7d5bf9e7ff93864779c,cb1301b6193637f57d9eaa2fc584dbd367e616d745ed6883027b2885a35b658d,5ff1434d57788d52b41f3a76f9393bf10fb36c762f277383ab03be0e570cf6a7
115000,00000000000000000001149247b3d3ae8234d851de3314f95755d6ced6671ea7,66af855b0a75c8caac9e51fd0d3ca17066e8e2b9b59ac06b556d83a58b99d3ad,7619e2b70e4a1ec90bb980db1de918aeb0cc0f698459c494b76a781d0473ea03
116000,00000000000000000001377383ec06f4f8b6c14dc08e5c8a91af614717616f62,dca4bf73df01653ae4b223108177af762fad802ad1c1f0254ec4e7ed2b15e23f,c1441c41f22669d2d5ad6e8fd3562c7e81c57bbaa586d403666de8306ba2a405
117000,00000000000000000000593d92513e96257fff0898450d55d82171f195a2c568,5e316502b938dec9cfd233d0b065c2aa4a5e4afb2b9bffde676b5950dbd77116,e2e703f68ab09b8e62e81f65902fb607a4c265f675ea43ee235bd7ad7810241e
118000,0000000000000000000064ee5e44515e9467656f45398c65edbc1fc1fcb1728b,044f05afb32f332cceebed4a773a5d15335b0135e7ffc3989274bc0b99949db4,bba75a8ffe92815f28b373b8559ed9f9cc807489a90de0371b9f1c1ff8e2fa85
119000,00000000000000000001f9ecaa3ad0cb1aba0b829264fca27d3dcda168d91498,d854dd3b113b11c2a4675509c5e749746f7eeb152e701dab32674bb0d1aba025,b4b032b0a90f68fb27c9a4c45292a114298e566a9da8a31ac4c1c33429f69f60
120000,000000000000000000020dfcce8ebd0c6416ac0ef2e5991600779126b1214bfc,ea82a187258d83cc1ab598f2b10168a21024434d7c516bd6cd3e906794688388,6b63a6f59cccae99106235589c1a966dbb8d55cc626d222e74f376b7c0a3f235
121000,00000000000000000001efdf4975cffbb56578a54d4de92755588ebcc419d8fa,3f543120367f8e9d6c9b9a7ab23b7929e0afbe6ade556460039c53fa58853f7b,0c9cdf4b104d3d709c47150ad75e20541f9deaf09e0de9440d970bda3e6ae57e
122000,000000000000000000014cab33422e454cce0f4236b1a6bdcf527b2fd7226b98,5c5e520e804b8e83f94eeceeaa262cd36ebd99d086b6133a47209d57952ba283,91e7163061fba397ea82720b12b4432c11e183d2c0592864f057260467ece228
123000,0000000000000000000117b12aa68e45f46635c1d11a317c16ca71e839e7e135,5893390c3d662c932e615c8debfd357f4ef489b4e8671f3d12da3de193cd3d24,e545002afe5c7e207c82fb85911d347c7ef5646f9771f505dc59ef0760b5bb7a
124000,000000000000000000013104ae712ac0f2eb28c6642147439eedc129673a4d39,6cb23b6cf185460009010ac33395e7daadba3d716ab7dccfb6734aa61efdb41f,2de7108613b7238ea68b7eba055d1b9af5c69773719ec1913c78005576c71df4
125000,00000000000000000001faabb01f105da2c7ff3519debc13426209f4d5e22061,e0cfd3701fd77d23f478998d30fe11e8b85b2972d6c3e728356256712e837e56,b76b083c4b95e16e5b52e18df623b639c06d68d04365cc799f51b7eb3ad86f81
126000,00000000000000000001136b6250e667fe2b9ea272c52d35c4734f30446f6cf3,90bab6fbdad51bcf94d4292f6b075f24d68de7d1676491053df0ec8b4f915d39,45c69b9a9b1fb996e04de2d82961afc12fe06d93538806973cec1ac4b8fb708d
127000,000000000000000000010fe97e91349f72008949c56e9468a267b6403285b6ff,db3c290cd5e8bbcb3cc13fe25be03b46b3a22e41bbc7084156a7c09b14d4ab77,1ffc4475122b5f0176003036b5b907fbde38306c9ed69c1ca4ca3c3da9193bb7
128000,000000000000000000011b2ab2f6cbbdb44c450e9677750379b2e2212a7e659d,2e7b67d8cb5f32fe9a89664e5845acc1dc4e5e538dc60a78bc4eb22dbb728f14,f5c41c656dc13063989dc2d5babc6f64e888e46797dc12e5bf871c77330be872
129000,00000000000000000001b6216d0339144356dae020143d3eb8960537c2a2cb92,de4d696b487f262b7e8fd35da24c4023e9e1579f00ae9b21efa76f9a394d9e45,98693e925f5e28cdb2bb880226ffaf7f131c905e8946f7ab1637cf5f68083778
130000,000000000000000000004914d6ceaa508940faf2d3d125ad4dd770b13354fd9f,460b7fea4a5bf518f6571491093fe561b229b07fda790477c4c2e906fab5ef11,a4b1e6e41b7abd44e4df2bfa0a88a166b2fe6366d082c3491a9fc0275e8c759e
131000,00000000000000000000a2eca4ecd6104f99e585d232a74bc71c6a41c01067a2,c7461debf2cc86353cb1a962b85c61dd7c6a2a34adb4da0e91b50929db3f073e,6570bd94b16925812cc24708a91070654df3d680970e1c66b958d6ccf36f73c8
132000,00000000000000000000389fc4b30b4d42e4872dc505134bdd503ba9e574500e,067d4276ab3720b34f85dd9ff974089590e3a1152037052a8569bbfd43cec552,50fc46b03b9ec89476cc7a5295b1765a349498c1d9f41d74e85b27f6c7d240bf
133000,00000000000000000001e08b1485c06683e179e7c6fa4e283abce2f879efba9a,aeb4cc3396955b3b9aa1dddd3fd97499d86a11f8b38082b0855ce1b1876db449,17e25686a590c194f80229af2a57adc347b8b0c6cd3ecb870f06473feabf8abc
134000,000000000000000000013822922fda8d581886443ac36e36ab5acd6b93743b3e,04de757e8de3635548ed5607110135b947d0a481d6f62709b141e545285fdfe1,23524119d95692008d1e6e9bdce8f21e19a4ae6983eb5ca644a43ad914283a86
135000,00000000000000000000e915084ca925490c1d6e66108e6df438a41245ce6743,2333604354dd6b0ce36c2e52a4a1a2f29776d37dd0d7d8c637f2186a7a75e3f4,4ae752a8644ab0e8437f4e274ffeb180d52ed1f1055c9d33d74a06b8cbb289d9
136000,000000000000000000014f9621193badf123ceac4b4af9dbff71e470075f1398,8e6ba289a285a2180a49412529483041fbc2643502268645462a9bac486ee2c2,55f23393caa064a16eeae7fdb44cc7853ebf144afafdcf96ed82f224ff534cf8
137000,000000000000000000005d9d392992d174655efbc8da7865b35c8ff322c28bed,31e03e3800a30ad905ae2a5b8dd2c3cc70d0b1d2c4f7490fb6ab5306b0814a1a,bbfba56b3475c46ab4f909555ad40cb4851bdda898e870264c97bc25d8d308a3
138000,00000000000000000002093afac4f34979553b820d2a47df733e185b567990d6,45a96b989fd2a4c181f4a919dab4476e05b2adb2d588484a79117eebcd68026b,4364f4b9e91615b4eaf6601776f9ad4411220b850e192ff892da0065dc9709dc
139000,000000000000000000000c77b1471d55f9832f3eff330050025633dff56184ee,b382522f26225a1dcd2ae6184f489098fe2ce628c55ca0778d10358b48e1646c,a7f2863ca883ef72d66a306bdc7d68dcdbd6eadd123823f4ad89ab58047f029b
140000,000000000000000000000b980f30598ae959bad21f939d8c2089be02ac5a59d8,d8d3efa88a4033375a7fb240212b969290a7990f6356853a1be27bd2f4c61b3f,958f0b2e0e619a1dc6b2f9c5e5982a97e02bcd714f7dbfb63d3d715af469f71b
141000,00000000000000000001f73c926c93f699d7038ef795c34108472cbe38e32d44,d42c7423c5ed5bc42f762645a2d97c69152834d7ef0e6eb9882078aa477e8bd6,e5191a5eae7a994f5362851e46c91233eab9a7445bae53ec2e8c6088563f1e8a
142000,00000000000000000000fa746d30c28184a6460765e3bb71b775375de8ba0ab5,7a501de828b53a2ef7dbad3d42a1dfe91554f1edb0e5b2e896c8d6ccceabf80e,5b42c8808592aa4ad3d8058b22e60fe10bf8e9a00c0ca49fd1b1909c4b1f4b71
143000,000000000000000000019be3c960a616c0ee2bdd0dcaa7d432c82788bf10306f,8bc5e45755b40ebcf6b83cb1f1c282f008c7f5cf97ae30148300278a3f6983d6,fb28e984f172003b685cd98c6e6787fa12ac7103356c63c8b3fb2962c2c450e7
144000,0000000000000000000219d5a91cfc83510cada9375031b0a69627cb9ba0c4a1,5b5e8ad74f92a67ef8581d7a6bd92fcc5773a1ab98a980319a99d0f7280fb341,11c451387cfe26090ff6b47bd2c3d4b41207c836b52ed4d4354fd232466e66a4
145000,000000000000000000018405f44cb7ab27f4e3b19e7bfae20ca29832c61cad6d,63890f1fa30ea2eb09c63dfab7aefb958193ac6296e967d0830a4bd9d160a84a,3a27f67ade7335bfc41a78165be3747bd08e4da02d4522f055a194b9f8bf8de0
146000,0000000000000000000024123ea6cd53efcf4a62a078a298ec938b50bfa174b8,9725b213e86d80258e087588b7474126134aef7226df8a8c5433b00af955404f,cad7696e0eb71a6feb2eef338f32b8b6185bd887f5ec7f9af2a389892cf271ae
147000,00000000000000000000991d740e75f1083b32c2882366feee6c2e2762793780,9475d1bd401acba9441854919ae4d20147b2f051a6a6f53b42999dd5af08a19d,e2302594752f1baababb4dc394e9233f40d6aa70909c476782f52bd2730c0742
148000,00000000000000000001f8608b89867cd81e6ca76231bc810599037dafa06252,cbc29d1f720bd625049bf39a411320c428c43161b854227da02d897e02e2c306,f3737df444043b3f2a1528bd54ec6320c7e196593d477774f797ca7e2de25041
149000,00000000000000000000f6cdd4db8bd85ae798af180cc2cfb265a247b1c6b43d,490e7544d0cf0a1b7dc382d90c754b1246be7a09b0786b5747dff6a679cd13b1,41d6e305199755972fe0dcd1c4da2ba79c1cc4aefb4930efdbdc558f16477294
150000,0000000000000000000161fed86167ba94b6d0c3ca204c26e2da36549bccec63,3e038cf51ab29913baa6c8ee253026d7051e46f330ffaca726c42996885ae250,419dfb7827dd59dc29a7ade3dfdeab5c1001d732623a81e5624217564e8437df
151000,000000000000000000009777b46437022ba9ce043dab9f2800eb59f92998227a,feb84902896602f529453ad5753a576dd268a7c261b2b41e609e7cd905ac2456,9d8f6a5e34ea06fd23f269002c2f2194fb81f4662d62546dc5a80ff5c2a81d7a
152000,000000000000000000003691a5a53a133e4a9f09ff9fc90de1aa0385cd8838f6,21773ee2242e6da92222368de9d81e450f8a5b4994645f8915db40db340964e1,f5184a7bbfb06e279dedf2d3a1a5f3fde5d10740d52e3a0bf90e4e8ed17f9804
153000,000000000000000000005bdccd84b34f9933f54d6140d2e623fd361ca0a2cf00,4afeb75deb790907f2de761b62105f7c2ade89a00de3618eb58c2de18b6773bb,697a646880a5d3edf9449ff61a6b9cd2c9e7e7ac911a10725994b2b86c887aa3
154000,000000000000000000000df9df958d50ab2ce257a0ac561191c096e9a2f70768,d09c167a1f918fa0c47d2369367a0e0deddf9e8c94166be0769fa73ff7b99a96,26d3b8573c3e0cc28ccb858ae5db6778f588325fc2283f5c3110aa44403a1d5e
155000,00000000000000000000b3dcd7c997719320302869bd80013abbfd4379514e06,974beaac22c089be9b3fa84157a907dea99eafd10da2ae8ea430a625cb6d6055,2a5c8ec6cb5d7f45188c12cea3c64fa8eb3cfabb6ebb47bbbb124ea288325ae0
156000,00000000000000000001a701ecadec83b5c901cd5708bb7fac270b35c52989f4,c778b989dab7f16e86007941ccae913bc85dd32a0f1c37ea7a724da272ad025a,f1dd0f54f5f81802e0fc4cbac063f19b78afac0b3c019d23808c63556410d6d5
157000,00000000000000000001b8284c16b76609d577e50cb24bbf1366935f657d3290,abf20ae1fa127938b3000c7c2e974474e5d1e4b35a53fcb516b1bc9edd3dc971,67d58630741cf5ceff351551381f381bc0119561040f8ed4a220bcad22bb5881
158000,00000000000000000000a75f0f712e33b97b31e827a313dc8f239ff831b4b316,cd02b507daec90bbe80dfae7507f6660644c69dffa6bd6c1ded425ddec774247,4123e6090ce531ccb6cb18cb42ccc1d94b890e2cf959852229d41bd666b974b2
159000,000000000000000000012bd784f4b3783febd0f631bc8053da83c192a737a3b9,f5de13fda6ccba6aa5dd8bf95fad506d3d3ef0aeea4a157019ceb7e9e518a89d,90ae36954484d2e4a614a721c8b58edb6b7f569cc0f23d70134081c6b5d50496
160000,00000000000000000001c9181fe99ea467ffb29795e317e9c4e9cefc91357115,c526eaf011ee944bb7b3eb00592729437a87117666b1e29a16fdd31932510e51,b7590069f983a11cd1d52f63599be5e3eec009f5d9c79175d4ee1cc57fea92bc
161000,00000000000000000001a33fb17b5fca67d3c05d3ab21ec740752d4c1492d1ea,cbdacda00ad5bb8d5af450696fa6f07fac19a6e7f638b459ea45c8aad252b719,2f8be956f2280577d33ac13ae66d006364fe9bf0f84a60aef763ab95c862b44e
162000,000000000000000000009d671d65b27db027f2f10c5a9f05fc65828dd4c38c20,6224bd444dcaa17d44b1c50533dd3d031d95bdebd9637c9bd17581e6ddbd1154,1f84b9e3c1e9bb3c3fde417e48692a3d15374180ab2ca282fddaa4315decdc5d
163000,00000000000000000000d7b5ec2a9774110e134a6fdab21175740743ef2a3681,0f9fea6d38dfe196b34d9da9bd5361e08c75f95be3cd0cca5e2b6819bd47cd9f,57bb9029cb76ce49e48457de0c7dc31c4e3352edb44e34ffc20f867c10bc1d36
164000,00000000000000000001989771dd63e74ae67cd59bf84e830c681d889e8ce0a3,1f4a38d5ab5c3f88fc75bf8b67cabb71b1b6640a1cf43faf19e7e2ae2f50fe9e,c58b768bbd23eda3848381a3cac44bbb7f97399b60b512f43ff3133d7e235aca
165000,00000000000000000000972ba7f7b0bef4f2574f0d443e86e95ca7e98fc4453f,a4ebcb54e55f56731b6ed4f0fcdee1024379ef2793c8aec4e8dc3605ec208b32,a5d3587cdee27bcf6d89ac26091f9281dd32a0c3c498d2660e4198e40377ca8a
166000,00000000000000000000a9d5ba7e08948d56ab4f082dd698f5dc62d1cf2214a5,69b0527b4509e15300a65ac5cbfcc7d74b34e973bc44e3084fcc130213d578c4,97799d1e03b3382a9d65fb86a2107686a996e7a5e5d21cd36d12a793943d610e
167000,00000000000000000001890cbcf7c120dd893aa59230934752b9c3d20a7720f6,3561aa69efd804c00a97ce397a57ec5621700107d958ad7fd4cce1618838d2c2,22ff1193227e1fe86f7900d2ed767f4236679d1731ea5ef8036a75534c1a446e
168000,00000000000000000001022da4264a4f24912bee0fac5163134d2b25094613fe,38f78ca13089bf154a4f2eaef54869ecbbedfc1fd274dddfbc11c496d0f44c58,ddf62e05596b8455d529dabd3e75056279651e3cfcdf8caab951c4d6db366daf
169000,00000000000000000001a28528ef887a599b434ef1e549e4474ef2168632334f,5d6a1ae5028947f1804e1d16d70be8b132a59011c33fb1069ae6067e84b4b126,6a1dfce66cf8011cb8ec7bf33aa79c635a37659a0f9ebd7b6a55f0188c25feca
170000,00000000000000000001a46ba81aabb33754e039ba755941b6aa0f3b8914b663,1e41fd3f6e280ea739863fd6511d04dbacdef067fc40c1107f4366eafacb64e3,13275685322af689cbc0175009e1f9d130844b2f441cf619e6e733f417fb1f44
171000,00000000000000000000700985aee23ea93c58682d941871a8003cbaa1f71ae8,12ca654fedc8392444bba0c2cc2f702f4a8e12d77f70fb5d758773caf627bb94,530d2c9216b01426b23b1511fe05f5d8b32adb97844992d91b3373e5ecbc9ca8
172000,00000000000000000000abcd1f9e7f10ddb899c6d1592c10dfd9ab03f5fa1685,f8e6893665dd902196084386dba8367c202fc6341372e2cbd0c459d5d51fde1e,faef1b14ca39de99ecbb2c5e57356f5225ed46d38b40afd25fad8d8e8a38c046
173000,0000000000000000000093cc6fa540f6333247bd7ccc6f039be1a99c52a5069a,f540e5c531079e80a663b47e314d747a1ffc27087a7eb200d286942e8b387cf7,4e7bcbb9f67a1e0e0f46b64e8a82826445accca5dc8ec1e5e6b81455660c02b8
174000,00000000000000000001a853a4bbaf784e34071efaa07ca9861f929aa159852d,c9a1b612f1d0d9e6492873bb7101ba639f53127a0ecc1792d23b96c924a6412c,65ce96856dde6c8dfa44bbe43fb7fbe300d15dc1e8db775624ee0a2d68a97866
175000,00000000000000000001c001855367d7126295bb15a3e3b799de4e8004c4947c,246b07606218eabd0073421e542b1b13e892a3e7d3af5fc8080ef84019405dbf,ac8591ccc3aa6bd42736b03a50b789e884c53100760f3cb224ce83b35833fe04
176000,000000000000000000011346e97a176b403d2cbf2f335597a97733936400f712,d6fffc9c068caa9cf4ce173701b1427ed201292ef78c45e2ecbaa8e7a2432748,8b36dced347accf1bf9be8b607944eff764e9dc72453362cd3cc7c0e08c1e218
177000,00000000000000000001d62e63c1d3700655afd7709eeb46ab81c4faa69874b9,488308e42774ff86d857f6d2ffb76073fe74b7fce44a85f7783c3b52564bca62,747d4c23984da62339710114b9bde88f87969a8d76616c596e1ee545fcacdb53
178000,000000000000000000011644cc8692b41f686332d28a2b3011a4088e21ebc31b,b174ae78135004ab51401de5d1c41c665fb4a4a40a95b4b9e1154637a17b6fc3,1000991b1212b53b4925abfee2741e89a2ffed22899464d87ac6c460d0ac7fed
179000,000000000000000000015dd7961cc828193a1aafd3d417826c674e51d7ceb813,dab116ec832b501f800c3d818470ae432908b0bed4c37e026be91b82f2d17555,3a82973c6a4cde05d281e8560f0f79772af78f4faa7a4035062db2eb26cfc49a
180000,0000000000000000000175d3d0d0593cf6ead686566531e1ef40208e05ac1d7c,117b4ab9da88b81175f4cce7c19f014242db6ee5b3c512790fead968bfc033cd,8cb87d7b7488d14f69c2bd04bfaab2e721ea1cac3496d3dac4a3a1bc3ac42405
181000,00000000000000000001b69da8420b77cd4522fbc76652ca91009f44a703b5d5,0d08628f08eeaa0a7fe6cb5b105f6b1466aace5bd9b0ba8561e159bcf67126ca,ae626c7026b5f337a7a3cbe06d9cc84df5361c9a5152ce724eab1d411ecdce32
182000,000000000000000000011938f56ba7594e67add917efe90e74b6543bfcee999e,fc591f351a387af077ce0caef024cf21c35efe5d77bb1f06b46f7fa3366c7c52,9f5e90516677ea10967ce420ae233cfe5810ea569446f022d24c5ef1a900b691
183000,000000000000000000016bb4bba41902a53587a36315f22ba7761d88b0ae80f2,f37e33066832eb08695e6b43a98592d0bab6966b346e3eec00694e2bc84e2f24,98a38d7d52849830471d512e82aeff0cdc5273df05cd8529d2a8ced0703a46ad
184000,000000000000000000004c4b8cb5e5819299938bfb437b02faf5a5a0987b875e,1b2a55cd23311f539dbd74b6392374221b21f2c70123a6d35a21d266b7aeec9e,94a3695ceee641ebf2d6e50c0ad54a555f6a8740e775b46edf55bd306bdba02d
185000,00000000000000000000607303618d71364b7e6b6d340be88e68f31ab6204135,2bc9a0ea33e6604c305df591d5fd3e958ef20d3c0ee298b08772ad09cd159266,6fff5236dea466eae5bc1eb14076af5197d0e07d61f5fd9c49b6362d493ba8eb
186000,00000000000000000001efd926008471dec0521e60fb6eefd46b356f98dc139f,b5effa6b4f4436bd17cd8f80ed018818d7db8d7e104c922a65fcce09671c2591,c6071131646d219eac96448084ad580d5472e2dc0c00c2498272265af0d3249a
187000,00000000000000000000da163785d8eedf318bbf8c0d2d7b3bde38c6e6106057,6ba948d78613333916db5741c105836d2e88fed93f735884bd94423d1d434ccc,f2bbcf93dfb626a4ef6902f1d48626f9d58997b751f10452b44a8b1e3db16afb
188000,00000000000000000000887888d90fd581b30bff0c8d64597b22a2a829659362,5bb95d53d10bd33aa59f49dfe7950c968cb6e70150d82e590c0f4f930d9a201d,4e6c2ce7a6140e45c25e2c0b84f1a8fc29ca40d7decc51883927324a982f3b23
189000,000000000000000000000c174bbec02efaec08853b7fdaf6a05d824254fa8809,29139ec841b091f745236405bb9fed086b96096db3a02019ce09bf2c42c80421,46a5908c02cd23888e10a7471037eea51a2375feb79588721285ccd40d2e64aa
190000,00000000000000000000c0b9dba0f63c1cb46752d117e67fea720c24ecd6c473,3183d65a608096c7e59f1eda81ec6992ae6e335d78690699fe3ca8f2ffc1a663,acd74efa459f09afb5eca6844cde41eca0762b958597a09d974bdeca74598a84
191000,0000000000000000000048b18959b831360d98059a2b66a59344e232ee51677e,132c800eadf67b5a130e717f98c28719a62c4a6a2703c8a5669253577f7f9d64,96cc25f0d3f55b3c40bea2fd17c161e5e6f09b3aa17db8cb0d245f9fe3d9aa43
192000,00000000000000000001639ff4cedbe62ee011f7dcfb0aa7e1d787df325b38d7,3d9818a7d928b7d86d0d5babb6be5c820294f80214e410b7baf6afebeb483470,2c4613806e5c1a45ad56ceee9262d4caa1f6caf312e41e4ad894ed3c35b18837
193000,00000000000000000000ba7a923a4715f043af249597cf2cac2a77b5f98e76b4,52d7841d50d78b5888b3f56718fa09b18db4eee399423a48e1de97e92446e0f4,3b6b697c2f595a5f0e24312ca3aec50be54ade2dd1f5fc51d5c5371cb74937d6
194000,000000000000000000020846a13bf3588e1b2e8db3b18d863678ce233eec91c5,be2141fb058d49848f9b2957871475a0419b0124e59c7f2bd525f4fe5e3aa909,75e45508aba76fb0d45ad95e3ce8c68872d58e1276fce5355518c9ef08659bc1
